min_distance_km,max_distance_km,mean_distance_km,median_distance_km
0.14449468649764047,28.382342440817816,9.249277199399502,7.513541876594439
